no;district;year;agri_year;GDVA_agri_crore;HYV_area_000ha;Rainfall_mm;Temp_C;MCDS_days;Pesticide_MT;NPK_MT;Irrigation_pct;VarCost_Rs;KVK_intensity;KVK_expd;ExtWorker_per1000;PACS_count;APMC_yards;Road_density;AvgHolding_ha;SmallFarmer_share;CropIntensity;Herfindahl;Rainfed_share;FarmIncome_Rs000;ln_GDVA;ln_HYV;ln_Rainfall;TempAnomaly;RainAnomaly;dist_id
1;Ahmednagar;2014;2014-15;7120;421.3;480;25.6;25;490;162300;0.282;48100;71;36.4;0.71;1345;14;1.22;1.48;0.748;1.32;0.248;0.642;122.4;8.870663004;6.043345169;6.173786104;-0.22;-0.548220554;1
2;Ahmednagar;2015;2015-16;6240;340.2;350;25.9;36;410;138500;0.241;46200;85;39.2;0.68;1344;14;1.24;1.45;0.753;1.24;0.254;0.685;108.5;8.738735461;5.82953368;5.857933154;0.08;-1.450355642;1
3;Ahmednagar;2016;2016-17;8910;468.5;610;26.3;18;580;174200;0.305;53800;75;41;0.64;1342;14;1.26;1.43;0.758;1.36;0.242;0.615;134.2;9.09492952;6.149536102;6.413458957;0.48;0.353914535;1
4;Ahmednagar;2017;2017-18;8640;385.1;540;25.7;22;550;166100;0.291;56400;81;43.2;0.81;1340;14;1.3;1.4;0.763;1.34;0.238;0.62;140.1;9.064157862;5.953503041;6.29156914;-0.12;-0.131850513;1
5;Ahmednagar;2018;2018-19;9480;410.6;380;26;29;564;171400;0.308;59800;89;45.6;0.78;1338;14;1.35;1.37;0.768;1.26;0.246;0.664;144.2;9.156939595;6.017619505;5.940171253;0.18;-1.242170622;1
6;Ahmednagar;2019;2019-20;9110;418.5;790;26.1;12;580;174600;0.314;63200;95;48.1;0.74;1335;14;1.39;1.34;0.773;1.4;0.231;0.585;159.5;9.11712799;6.03667689;6.672032945;0.28;1.603024657;1
7;Ahmednagar;2020;2020-21;9640;432.1;710;25.4;15;612;185200;0.332;67400;39;41.2;0.62;1332;14;1.42;1.32;0.778;1.38;0.234;0.596;166.8;9.173676388;6.068657043;6.56526497;-0.42;1.047864603;1
8;Ahmednagar;2021;2021-22;10020;425.4;660;25.6;19;590;178400;0.321;72100;55;50.1;0.57;1332;14;1.45;1.29;0.783;1.36;0.237;0.605;177.2;9.212338375;6.053029903;6.492239835;-0.22;0.700889569;1
9;Ahmednagar;2022;2022-23;10490;440.2;620;25.7;16;552;186200;0.336;76500;99;54.8;0.86;1334;14;1.51;1.28;0.788;1.41;0.228;0.572;194.5;9.258177701;6.087229169;6.429719478;-0.12;0.423309542;1
10;Ahmednagar;2023;2023-24;10780;428.1;450;25.9;32;566;188600;0.324;80900;108;58.4;0.81;1336;14;1.56;1.25;0.793;1.27;0.245;0.664;163.4;9.285447844;6.059356813;6.109247583;0.08;-0.756405574;1
11;Akola;2014;2014-15;2410;201.2;640;27.3;23;340;76400;0.125;32400;52;21.6;0.86;435;7;0.76;1.61;0.684;1.18;0.415;0.842;75.3;7.787382026;5.304299438;6.461468176;-0.26;-0.543786116;2
12;Akola;2015;2015-16;1980;182.4;480;27.6;33;295;66200;0.102;30900;66;23.8;0.82;432;7;0.78;1.58;0.689;1.12;0.422;0.878;64.2;7.590852124;5.206202078;6.173786104;0.04;-1.617931531;2
13;Akola;2016;2016-17;2980;220.5;810;28.1;16;395;84100;0.143;35800;55;24.5;0.79;430;7;0.79;1.56;0.694;1.21;0.408;0.821;83.4;7.999678579;5.395897695;6.697034248;0.54;0.597493387;2
14;Akola;2017;2017-18;2840;198.6;710;27.4;19;380;80500;0.138;37900;61;25.8;0.98;428;7;0.83;1.53;0.7;1.2;0.402;0.826;86.8;7.951559331;5.291292752;6.56526497;-0.16;-0.073847497;2
15;Akola;2018;2018-19;3180;212.1;560;27.7;24;404;83800;0.146;40300;67;27.3;0.94;425;7;0.86;1.51;0.705;1.15;0.418;0.864;88.2;8.064636476;5.357057862;6.327936784;0.14;-1.080858824;2
16;Akola;2019;2019-20;2980;215.4;960;27.8;11;416;85200;0.152;42800;72;28.8;0.9;422;7;0.89;1.48;0.711;1.24;0.395;0.795;98.4;7.999678579;5.372496765;6.866933284;0.24;1.604504713;2
17;Akola;2020;2020-21;3240;220.6;870;27.1;14;444;90600;0.164;45600;27;24.7;0.78;420;7;0.91;1.46;0.716;1.22;0.398;0.806;102.8;8.083328609;5.396351107;6.768493212;-0.46;1.000297917;2
18;Akola;2021;2021-22;3350;218.2;810;27.4;17;426;87100;0.157;48900;39;30;0.73;420;7;0.93;1.43;0.722;1.21;0.402;0.813;108.2;8.116715625;5.385412073;6.697034248;-0.16;0.597493387;2
19;Akola;2022;2022-23;3520;224.5;760;27.5;15;396;91800;0.169;51900;76;32.8;1.02;421;7;0.97;1.41;0.727;1.25;0.392;0.785;118.5;8.166216269;5.413875707;6.633318433;-0.06;0.261822945;2
20;Akola;2023;2023-24;3630;221.4;610;27.7;29;407;93200;0.164;54800;85;35;0.97;423;7;1.01;1.39;0.733;1.16;0.411;0.85;101.2;8.196987927;5.39997102;6.413458957;0.14;-0.745188381;2
21;Amravati;2014;2014-15;4620;345.6;740;26.9;19;540;124500;0.164;36100;56;24.5;0.85;580;12;0.9;1.78;0.635;1.2;0.398;0.824;81.5;8.438149984;5.845282037;6.606650186;-0.26;-0.495293006;3
22;Amravati;2015;2015-16;3890;312.4;550;27.2;28;480;108200;0.138;34200;69;27;0.81;578;12;0.92;1.75;0.641;1.15;0.406;0.856;71.2;8.266164437;5.744284418;6.309918278;0.04;-1.671613895;3
23;Amravati;2016;2016-17;5780;378.2;920;27.7;13;640;138400;0.185;40500;59;27.8;0.78;575;12;0.94;1.73;0.646;1.24;0.391;0.801;90.8;8.662158962;5.935423156;6.82437367;0.54;0.619116258;3
24;Amravati;2017;2017-18;5540;344.1;810;27;16;625;132100;0.179;42600;65;29.3;0.96;572;12;0.98;1.7;0.652;1.23;0.385;0.806;94.8;8.61974978;5.840932313;6.697034248;-0.16;-0.061911626;3
25;Amravati;2018;2018-19;6140;365.8;660;27.3;20;652;137400;0.191;45600;71;31;0.92;570;12;1.02;1.67;0.658;1.18;0.402;0.842;96.5;8.722580021;5.902086736;6.492239835;0.14;-0.990586012;3
26;Amravati;2019;2019-20;5740;370.4;1080;27.4;9;672;139500;0.198;48400;77;32.7;0.88;568;12;1.05;1.64;0.663;1.27;0.378;0.778;107.2;8.655214489;5.914583503;6.98471632;0.24;1.60970227;3
27;Amravati;2020;2020-21;6240;378.1;980;26.7;11;716;148100;0.212;51600;30;28.1;0.76;565;12;1.08;1.62;0.669;1.25;0.382;0.79;112.1;8.738735461;5.935158711;6.887552572;-0.46;0.990586012;3
28;Amravati;2021;2021-22;6460;374.5;910;27;14;686;142600;0.204;55400;42;34.1;0.71;565;12;1.11;1.59;0.674;1.24;0.386;0.797;118.5;8.773384597;5.925591803;6.8134446;-0.16;0.557204632;3
29;Amravati;2022;2022-23;6780;384.2;860;27.1;12;640;150200;0.219;58900;81;37.3;1;566;12;1.16;1.57;0.68;1.28;0.375;0.768;129.8;8.821732381;5.95116325;6.756932389;-0.06;0.247646503;3
30;Amravati;2023;2023-24;6990;379.4;690;27.3;24;657;152600;0.215;62100;89;39.8;0.95;568;12;1.2;1.54;0.685;1.19;0.396;0.834;110.4;8.852235835;5.938591058;6.536691598;0.14;-0.804851135;3
31;Beed;2014;2014-15;3410;315.2;490;26.4;26;425;92400;0.121;34100;64;28.4;0.72;680;11;0.78;1.92;0.611;1.16;0.324;0.834;72.4;8.13446757;5.753207358;6.194405391;-0.26;-0.463444897;4
32;Beed;2015;2015-16;2390;210.5;320;26.7;38;290;68100;0.082;29800;88;33.2;0.69;678;11;0.79;1.89;0.617;1.06;0.335;0.892;54.8;7.779048645;5.349485653;5.768320996;0.04;-1.62205714;4
33;Beed;2016;2016-17;4510;362.4;640;27.2;18;540;108200;0.148;38500;68;32.1;0.65;675;11;0.81;1.87;0.622;1.21;0.318;0.811;81.5;8.414052432;5.892748574;6.461468176;0.54;0.558860023;4
34;Beed;2017;2017-18;4290;288.1;550;26.5;24;490;97400;0.131;40400;75;33.8;0.83;671;11;0.85;1.84;0.628;1.18;0.312;0.818;84.8;8.364042012;5.663307642;6.309918278;-0.16;-0.054522929;4
35;Beed;2018;2018-19;4870;312.4;390;26.8;30;526;102500;0.142;43200;83;35.7;0.79;668;11;0.89;1.81;0.634;1.08;0.331;0.879;85.6;8.490849216;5.744284418;5.966146739;0.14;-1.14498151;4
36;Beed;2019;2019-20;4420;320.1;780;26.9;13;542;104200;0.148;45900;89;37.6;0.76;664;11;0.92;1.78;0.639;1.25;0.302;0.778;95.4;8.393894975;5.768633447;6.65929392;0.24;1.513011281;4
37;Beed;2020;2020-21;4950;342.5;710;26.2;16;580;112500;0.165;49100;35;32.3;0.64;660;11;0.95;1.76;0.645;1.23;0.306;0.791;99.8;8.507142856;5.836271658;6.56526497;-0.46;1.035935652;4
38;Beed;2021;2021-22;5120;328.4;650;26.5;20;556;106100;0.152;53200;50;39.2;0.58;660;11;0.97;1.73;0.65;1.2;0.311;0.802;104.5;8.540909718;5.794232378;6.476972363;-0.16;0.627013684;4
39;Beed;2022;2022-23;5380;350.2;610;26.6;17;518;113500;0.171;56400;94;42.9;0.88;662;11;1.01;1.71;0.656;1.27;0.298;0.758;114.5;8.590443653;5.85850442;6.413458957;-0.06;0.354399039;4
40;Beed;2023;2023-24;5540;332.6;440;26.8;34;532;115200;0.153;59600;109;46.2;0.82;665;11;1.05;1.68;0.661;1.09;0.328;0.868;86.8;8.61974978;5.806940567;6.086774727;0.14;-0.804213204;4
41;Bhandara;2014;2014-15;1980;179.1;1140;26.5;12;240;61200;0.384;32100;38;15.2;1.32;365;6;0.94;1.04;0.834;1.5;0.685;0.524;NA;7.590852124;5.187944309;7.038783541;-0.26;-0.413301954;5
42;Bhandara;2015;2015-16;1820;174.2;890;26.8;18;225;56400;0.361;31400;44;16.4;1.28;365;6;0.96;1.02;0.838;1.44;0.691;0.565;NA;7.50659178;5.160204064;6.791221463;0.04;-1.704870561;5
43;Bhandara;2016;2016-17;2280;185.3;1340;27.3;8;265;64800;0.402;34200;40;17.2;1.24;362;6;0.98;1.01;0.842;1.54;0.678;0.501;NA;7.731930722;5.221976133;7.200424893;0.54;0.619952931;5
44;Bhandara;2017;2017-18;2210;178.6;1210;26.6;10;250;62100;0.395;35900;43;18.1;1.45;360;6;1.02;0.99;0.846;1.53;0.674;0.506;NA;7.700747795;5.185148668;7.098375639;-0.16;-0.051662744;5
45;Bhandara;2018;2018-19;2410;182.1;1060;26.9;12;254;63400;0.411;37800;47;19.1;1.4;358;6;1.06;0.97;0.85;1.48;0.682;0.542;NA;7.787382026;5.204555987;6.966024187;0.14;-0.826603908;5
46;Bhandara;2019;2019-20;2290;183.5;1540;27;5;258;64500;0.418;40200;51;20.1;1.36;356;6;1.09;0.95;0.854;1.58;0.669;0.478;NA;7.736307097;5.212214667;7.339537695;0.24;1.653207817;5
47;Bhandara;2020;2020-21;2450;185.6;1410;26.3;7;264;66200;0.426;42800;19;17.3;1.18;354;6;1.12;0.94;0.858;1.56;0.672;0.49;NA;7.803843304;5.22359382;7.251344983;-0.46;0.981592141;5
48;Bhandara;2021;2021-22;2540;186.2;1320;26.6;9;256;65400;0.421;45900;26;20.9;1.12;354;6;1.15;0.92;0.862;1.55;0.675;0.496;NA;7.83991936;5.226821365;7.185387016;-0.16;0.516627443;5
49;Bhandara;2022;2022-23;2670;188.4;1250;26.7;8;240;67200;0.434;48700;54;22.9;1.48;355;6;1.2;0.91;0.866;1.59;0.666;0.468;NA;7.889833751;5.238567362;7.13089883;-0.06;0.154988233;5
50;Bhandara;2023;2023-24;2750;189.1;1040;26.9;15;244;68100;0.438;51500;58;24.4;1.43;356;6;1.24;0.89;0.87;1.5;0.681;0.531;NA;7.919356191;5.242275976;6.946975992;0.14;-0.929929397;5
51;Buldhana;2014;2014-15;3820;330.4;610;26.2;22;510;115200;0.142;33900;49;20.4;0.82;565;13;0.85;1.96;0.591;1.22;0.368;0.788;72.8;8.248005702;5.800304042;6.413458957;-0.26;-0.584012006;6
52;Buldhana;2015;2015-16;3110;295.1;460;26.5;31;440;98400;0.114;31800;64;22.5;0.78;562;13;0.87;1.93;0.597;1.16;0.375;0.826;61.4;8.042378005;5.687314282;6.131226489;0.04;-1.614621429;6
53;Buldhana;2016;2016-17;4920;362.8;780;27;15;610;126400;0.165;37900;52;23.1;0.75;560;13;0.89;1.91;0.602;1.26;0.361;0.764;81.8;8.501063809;5.893851718;6.65929392;0.54;0.584012006;6
54;Buldhana;2017;2017-18;4710;331.4;690;26.3;18;595;120100;0.156;39800;58;24.3;0.93;558;13;0.93;1.88;0.608;1.24;0.355;0.77;85;8.457443187;5.803326105;6.536691598;-0.16;-0.034353647;6
55;Buldhana;2018;2018-19;5230;350.4;530;26.6;23;622;125400;0.168;42500;64;25.7;0.89;554;13;0.96;1.85;0.614;1.18;0.37;0.812;86.7;8.562166557;5.859075359;6.272877007;0.14;-1.133670365;6
56;Buldhana;2019;2019-20;4890;355.2;920;26.7;11;640;127600;0.174;45100;69;27.1;0.86;551;13;0.99;1.82;0.619;1.29;0.348;0.73;96.2;8.494947582;5.872681011;6.82437367;0.24;1.545914135;6
57;Buldhana;2020;2020-21;5310;364.8;840;26;13;682;135400;0.189;48200;26;23.2;0.74;548;13;1.02;1.79;0.625;1.27;0.352;0.743;100.5;8.577347114;5.899349258;6.733401892;-0.46;0.996255776;6
58;Buldhana;2021;2021-22;5510;360.1;790;26.3;16;654;130200;0.181;51800;37;28.2;0.69;548;13;1.05;1.76;0.63;1.26;0.356;0.751;106.2;8.614319902;5.886381771;6.672032945;-0.16;0.652719301;6
59;Buldhana;2022;2022-23;5780;371.4;740;26.4;14;610;137100;0.195;54900;73;30.9;0.97;549;13;1.1;1.74;0.636;1.3;0.346;0.72;116.1;8.662158962;5.917279649;6.606650186;-0.06;0.309182827;6
60;Buldhana;2023;2023-24;5950;366.5;590;26.6;27;626;139500;0.19;58100;82;33;0.92;551;13;1.14;1.71;0.641;1.19;0.365;0.798;96.5;8.691146499;5.903998521;6.380122537;0.14;-0.721426596;6
61;Chandrapur;2014;2014-15;2840;206.8;1110;27.4;14;295;76400;0.221;33400;42;17.2;1.11;410;10;0.69;1.38;0.738;1.35;0.452;0.645;NA;7.951559331;5.331752143;7.012115294;-0.26;-0.279543117;7
62;Chandrapur;2015;2015-16;2490;195.4;840;27.7;21;260;68100;0.198;32100;48;18.5;1.07;408;10;0.71;1.35;0.743;1.29;0.458;0.688;NA;7.820037989;5.27504874;6.733401892;0.04;-1.677258704;7
63;Chandrapur;2016;2016-17;3480;221.4;1290;28.2;9;340;83200;0.243;36100;44;19.5;1.03;405;10;0.73;1.34;0.747;1.39;0.445;0.621;NA;8.154787573;5.39997102;7.162397497;0.54;0.652267274;7
64;Chandrapur;2017;2017-18;3350;204.7;1160;27.5;12;325;79500;0.235;38200;47;20.6;1.24;402;10;0.76;1.31;0.752;1.38;0.441;0.626;NA;8.116715625;5.321545493;7.056175284;-0.16;-0.020706898;7
65;Chandrapur;2018;2018-19;3680;214.3;980;27.8;15;338;82400;0.249;40400;51;21.7;1.2;400;10;0.79;1.29;0.757;1.33;0.45;0.662;NA;8.210668031;5.367376902;6.887552572;0.14;-0.952517289;7
66;Chandrapur;2019;2019-20;3450;216.4;1480;27.9;7;348;83900;0.255;42900;55;22.9;1.16;398;10;0.82;1.26;0.762;1.43;0.436;0.595;NA;8.14612951;5.377128547;7.299797367;0.24;1.635844909;7
67;Chandrapur;2020;2020-21;3740;220.5;1350;27.2;8;364;86400;0.264;45800;21;19.6;1;395;10;0.84;1.24;0.766;1.41;0.44;0.608;NA;8.22684089;5.395897695;7.207859871;-0.46;0.962870738;7
68;Chandrapur;2021;2021-22;3880;219.2;1260;27.5;11;352;85100;0.258;49100;30;23.8;0.95;395;10;0.86;1.22;0.771;1.4;0.443;0.614;NA;8.263590433;5.389984555;7.138867;-0.16;0.496965542;7
69;Chandrapur;2022;2022-23;4070;223.8;1190;27.6;9;328;87800;0.269;52100;58;26.1;1.28;396;10;0.9;1.2;0.775;1.44;0.434;0.586;NA;8.311398278;5.410752796;7.081708586;-0.06;0.134594834;7
70;Chandrapur;2023;2023-24;4190;222.1;980;27.8;18;336;89100;0.272;55100;63;27.8;1.23;398;10;0.94;1.18;0.78;1.35;0.451;0.648;NA;8.340456013;5.403127731;6.887552572;0.14;-0.952517289;7
71;Chh_Sambhajinagar;2014;2014-15;3620;318.4;560;26.3;24;415;94100;0.145;33200;52;23.1;0.81;710;10;0.88;1.82;0.628;1.22;0.364;0.764;76.4;8.194229305;5.763308454;6.327936784;-0.26;-0.579815199;8
72;Chh_Sambhajinagar;2015;2015-16;2840;261.2;390;26.6;34;330;78500;0.112;31500;68;25.4;0.78;708;10;0.9;1.79;0.634;1.14;0.372;0.815;64.2;7.951559331;5.565286397;5.966146739;0.04;-1.662986449;8
73;Chh_Sambhajinagar;2016;2016-17;4890;354.1;740;27.1;16;510;105200;0.168;36800;56;26.2;0.74;705;10;0.92;1.77;0.639;1.26;0.358;0.742;83.5;8.494947582;5.869579359;6.606650186;0.54;0.567072008;8
74;Chh_Sambhajinagar;2017;2017-18;4670;310.5;640;26.4;21;495;98400;0.154;38900;62;27.6;0.92;702;10;0.96;1.74;0.645;1.24;0.352;0.748;86.8;8.448914351;5.738183901;6.461468176;-0.16;-0.070087551;8
75;Chh_Sambhajinagar;2018;2018-19;5120;338.2;480;26.7;26;524;103600;0.165;41500;69;29.2;0.88;700;10;1;1.71;0.651;1.16;0.365;0.795;88.5;8.540909718;5.823637436;6.173786104;0.14;-1.089542846;8
76;Chh_Sambhajinagar;2019;2019-20;4720;344.1;890;26.8;12;540;105400;0.171;44100;74;30.8;0.85;698;10;1.03;1.68;0.656;1.3;0.344;0.71;98.1;8.459564079;5.840932313;6.791221463;0.24;1.522811346;8
77;Chh_Sambhajinagar;2020;2020-21;5190;358.4;810;26.1;14;575;112600;0.185;46900;28;26.4;0.73;695;10;1.06;1.66;0.662;1.28;0.348;0.721;102.4;8.554488976;5.881649681;6.697034248;-0.46;1.013083699;8
78;Chh_Sambhajinagar;2021;2021-22;5380;351.2;750;26.4;18;552;107200;0.178;50400;40;32.1;0.68;695;10;1.09;1.63;0.667;1.26;0.351;0.73;108.2;8.590443653;5.861355862;6.620073207;-0.16;0.630787963;8
79;Chh_Sambhajinagar;2022;2022-23;5640;364.5;710;26.5;16;514;113400;0.189;53500;78;35.1;0.96;696;10;1.14;1.61;0.673;1.31;0.342;0.698;118.2;8.637639344;5.898526551;6.56526497;-0.06;0.37592414;8
80;Chh_Sambhajinagar;2023;2023-24;5810;355.2;540;26.7;30;528;115200;0.181;56400;88;37.5;0.91;698;10;1.18;1.58;0.678;1.17;0.36;0.784;98.1;8.66733585;5.872681011;6.29156914;0.14;-0.707247111;8
81;Dharashiv;2014;2014-15;2380;218.4;510;26.1;27;240;64100;0.115;29400;55;23.5;0.78;425;8;0.74;2.02;0.573;1.18;0.295;0.818;66.5;7.774855767;5.386328244;6.234410726;-0.26;-0.480879448;9
82;Dharashiv;2015;2015-16;1710;145.2;340;26.4;37;165;46200;0.074;25600;74;26.2;0.74;424;8;0.75;1.99;0.579;1.08;0.306;0.88;49.2;7.444248649;4.978112102;5.828945618;0.04;-1.616289256;9
83;Dharashiv;2016;2016-17;3190;249.1;680;26.9;19;310;74500;0.138;33100;58;26.6;0.71;420;8;0.77;1.97;0.584;1.22;0.288;0.795;74.8;8.067776196;5.517854422;6.522092798;0.54;0.65453036;9
84;Dharashiv;2017;2017-18;2980;188.5;580;26.2;23;280;67200;0.121;34800;64;28;0.89;418;8;0.8;1.93;0.59;1.19;0.284;0.802;77.8;7.999678579;5.239098007;6.363028104;-0.16;-0.013357762;9
85;Dharashiv;2018;2018-19;3410;210.5;410;26.5;29;302;71400;0.132;37100;71;29.6;0.85;415;8;0.83;1.9;0.596;1.1;0.302;0.864;78.5;8.13446757;5.349485653;6.01615716;0.14;-1.14876757;9
86;Dharashiv;2019;2019-20;3110;215.2;810;26.6;13;312;72800;0.139;39400;76;31.2;0.82;412;8;0.86;1.87;0.601;1.26;0.274;0.762;87.4;8.042378005;5.371567828;6.697034248;0.24;1.522784919;9
87;Dharashiv;2020;2020-21;3460;230.1;730;25.9;15;334;78100;0.154;41900;29;26.8;0.7;410;8;0.88;1.84;0.607;1.24;0.278;0.775;91.4;8.149023868;5.438513997;6.593044534;-0.46;0.988474421;9
88;Dharashiv;2021;2021-22;3580;221.4;670;26.2;20;320;74200;0.143;45100;41;32.5;0.65;410;8;0.9;1.81;0.612;1.22;0.282;0.784;96.2;8.183118079;5.39997102;6.507277712;-0.16;0.587741548;9
89;Dharashiv;2022;2022-23;3760;235.6;630;26.3;18;298;78900;0.158;47800;80;35.5;0.93;411;8;0.94;1.79;0.618;1.28;0.268;0.746;105.4;8.232174236;5.462135452;6.445719819;-0.06;0.320586299;9
90;Dharashiv;2023;2023-24;3870;224.1;460;26.5;33;306;80200;0.141;50400;92;38.1;0.88;413;8;0.98;1.76;0.623;1.11;0.298;0.855;83.1;8.261009786;5.412092381;6.131226489;0.14;-0.814823509;9
91;Dhule;2014;2014-15;2540;215.4;510;26.4;22;240;68200;0.185;31200;38;16.4;0.95;352;5;0.65;1.72;0.642;1.18;0.312;0.784;78.5;7.83991936;5.372496765;6.234410726;-0.25;-0.80784532;10
92;Dhule;2015;2015-16;2120;198.2;410;26.7;31;215;61400;0.162;31800;46;17.8;0.91;352;5;0.66;1.69;0.648;1.12;0.318;0.812;68.2;7.659171368;5.289276622;6.01615716;0.05;-1.486706934;10
93;Dhule;2016;2016-17;3190;238.1;690;27.1;16;280;72500;0.198;34500;41;18.5;0.88;350;5;0.68;1.67;0.653;1.22;0.309;0.765;84.1;8.067776196;5.472690753;6.536691598;0.45;0.414105584;10
94;Dhule;2017;2017-18;3080;221.5;580;26.5;19;272;69800;0.191;36200;45;19.4;1.06;349;5;0.71;1.64;0.659;1.2;0.305;0.77;87.2;8.032684876;5.400422589;6.363028104;-0.15;-0.332642191;10
95;Dhule;2018;2018-19;3450;234.5;490;26.8;24;288;73100;0.202;38500;49;20.5;1.02;345;5;0.73;1.61;0.664;1.14;0.314;0.798;89;8.14612951;5.457455588;6.194405391;0.15;-0.943617643;10
96;Dhule;2019;2019-20;3210;238.1;880;26.9;11;295;74600;0.208;40800;52;21.6;0.98;344;5;0.75;1.58;0.669;1.25;0.301;0.742;97.4;8.074026216;5.472690753;6.779921907;0.25;1.70394265;10
97;Dhule;2020;2020-21;3490;244.5;790;26.2;14;312;78400;0.216;43200;22;18.4;0.86;342;5;0.77;1.56;0.674;1.23;0.304;0.753;101.8;8.157657015;5.499215309;6.672032945;-0.45;1.092967198;10
98;Dhule;2021;2021-22;3620;247.2;720;26.5;18;304;75900;0.211;46100;31;22.4;0.81;342;5;0.79;1.53;0.679;1.21;0.307;0.761;107.4;8.194229305;5.510197726;6.579251212;-0.15;0.617764068;10
99;Dhule;2022;2022-23;3810;252.1;680;26.6;15;282;79100;0.223;48900;55;24.5;1.11;342;5;0.82;1.51;0.684;1.26;0.298;0.732;116.5;8.245384468;5.529825834;6.522092798;-0.05;0.346219423;10
100;Dhule;2023;2023-24;3920;255.4;540;26.8;28;291;80400;0.226;51500;62;26.1;1.06;343;5;0.85;1.49;0.689;1.15;0.316;0.806;99.6;8.273846933;5.542830944;6.29156914;0.15;-0.604186836;10
101;Gadchiroli;2014;2014-15;1310;125.2;1340;26.9;10;110;22400;0.158;19800;31;11.8;1.48;155;5;0.32;1.45;0.712;1.22;0.624;0.762;NA;7.177782416;4.829912459;7.200424893;-0.26;-0.305790816;11
102;Gadchiroli;2015;2015-16;1190;119.4;1040;27.2;16;98;19800;0.142;19100;34;12.5;1.44;155;5;0.33;1.43;0.717;1.18;0.629;0.794;NA;7.081708586;4.782479201;6.946975992;0.04;-1.761937561;11
103;Gadchiroli;2016;2016-17;1550;134.6;1520;27.7;7;125;24500;0.171;21400;33;13.4;1.4;154;5;0.34;1.41;0.721;1.25;0.618;0.74;NA;7.34601021;4.902307417;7.326465614;0.54;0.56789723;11
104;Gadchiroli;2017;2017-18;1490;126.1;1390;27;9;115;22800;0.164;22500;35;14.1;1.62;154;5;0.36;1.39;0.726;1.24;0.615;0.745;NA;7.306531399;4.837075243;7.237059026;-0.16;-0.063099692;11
105;Gadchiroli;2018;2018-19;1640;131.2;1210;27.3;11;120;23600;0.175;23800;38;14.9;1.56;152;5;0.38;1.36;0.731;1.21;0.621;0.772;NA;7.402451521;4.876722877;7.098375639;0.14;-0.936787739;11
106;Gadchiroli;2019;2019-20;1510;132.5;1740;27.4;5;124;24100;0.181;25200;41;15.7;1.51;151;5;0.4;1.34;0.736;1.28;0.611;0.721;NA;7.31986493;4.886582645;7.461640392;0.24;1.635738176;11
107;Gadchiroli;2020;2020-21;1650;135.1;1610;26.7;6;128;25200;0.189;26800;15;13.5;1.32;150;5;0.42;1.32;0.741;1.26;0.614;0.734;NA;7.408530567;4.906015245;7.383989458;-0.46;1.004741254;11
108;Gadchiroli;2021;2021-22;1710;134.8;1510;27;8;125;24600;0.184;28900;21;16.3;1.26;150;5;0.44;1.3;0.746;1.25;0.617;0.741;NA;7.444248649;4.903792198;7.31986493;-0.16;0.519359006;11
109;Gadchiroli;2022;2022-23;1800;137.4;1430;27.1;7;116;25400;0.192;30600;43;17.9;1.64;150;5;0.46;1.28;0.75;1.29;0.61;0.712;NA;7.495541944;4.92289638;7.265429723;-0.06;0.131053207;11
110;Gadchiroli;2023;2023-24;1850;136.5;1240;27.3;13;119;25800;0.195;32300;46;19.1;1.58;151;5;0.49;1.26;0.755;1.22;0.622;0.765;NA;7.522940918;4.916324615;7.122866659;0.14;-0.791173064;11
111;Gondia;2014;2014-15;2120;193.4;1210;26.3;11;250;64500;0.365;31800;36;14.5;1.38;225;6;0.73;0.98;0.851;1.44;0.712;0.558;NA;7.659171368;5.264760583;7.098375639;-0.26;-0.376651471;12
112;Gondia;2015;2015-16;1940;188.5;940;26.6;17;230;59200;0.342;30900;41;15.6;1.34;225;6;0.75;0.96;0.855;1.39;0.718;0.598;NA;7.570443252;5.239098007;6.845879875;0.04;-1.732596765;12
113;Gondia;2016;2016-17;2450;198.2;1410;27.1;7;275;67900;0.381;33800;38;16.4;1.3;224;6;0.76;0.95;0.859;1.48;0.705;0.532;NA;7.803843304;5.289276622;7.251344983;0.54;0.627752451;12
114;Gondia;2017;2017-18;2390;191.4;1280;26.4;9;262;65200;0.374;35400;41;17.3;1.52;222;6;0.8;0.93;0.863;1.47;0.701;0.538;NA;7.779048645;5.254365479;7.154615357;-0.16;-0.025110098;12
115;Gondia;2018;2018-19;2590;195.6;1110;26.7;11;268;66800;0.388;37200;44;18.2;1.47;221;6;0.83;0.91;0.867;1.42;0.709;0.574;NA;7.859413155;5.276071758;7.012115294;0.14;-0.878853432;12
116;Gondia;2019;2019-20;2420;196.8;1610;26.8;5;272;67900;0.394;39500;48;19.2;1.42;220;6;0.86;0.89;0.871;1.52;0.696;0.512;NA;7.791522819;5.282187985;7.383989458;0.24;1.632156373;12
117;Gondia;2020;2020-21;2620;198.4;1480;26.1;6;278;69500;0.402;42100;18;16.5;1.24;218;6;0.88;0.88;0.875;1.5;0.698;0.524;NA;7.870929597;5.290285195;7.299797367;-0.46;0.979293824;12
118;Gondia;2021;2021-22;2710;199.1;1390;26.4;8;270;68800;0.398;45100;25;20;1.18;218;6;0.9;0.86;0.879;1.49;0.701;0.531;NA;7.904703914;5.293807211;7.237059026;-0.16;0.527312059;12
119;Gondia;2022;2022-23;2850;201.5;1310;26.5;7;252;70600;0.409;47900;51;21.9;1.55;219;6;0.94;0.85;0.883;1.53;0.692;0.502;NA;7.955074273;5.305789381;7.177782416;-0.06;0.12555049;12
120;Gondia;2023;2023-24;2940;202.2;1110;26.7;14;258;71500;0.412;50600;55;23.3;1.49;220;6;0.98;0.83;0.887;1.44;0.708;0.564;NA;7.98616486;5.309257307;7.012115294;0.14;-0.878853432;12
121;Hingoli;2014;2014-15;1820;165.1;680;26.6;21;210;56200;0.114;28900;42;16.8;0.89;185;5;0.58;2.14;0.542;1.22;0.354;0.805;64.2;7.50659178;5.106551351;6.522092798;-0.26;-0.444722516;13
122;Hingoli;2015;2015-16;1410;142.3;480;26.9;30;175;48100;0.089;27200;54;18.5;0.85;185;5;0.59;2.11;0.548;1.15;0.362;0.846;51.5;7.251344983;4.957937505;6.173786104;0.04;-1.615044925;13
123;Hingoli;2016;2016-17;2390;186.4;860;27.4;14;260;62400;0.132;32100;45;19.2;0.82;184;5;0.61;2.09;0.554;1.26;0.348;0.784;72.1;7.779048645;5.227894902;6.756932389;0.54;0.608567653;13
124;Hingoli;2017;2017-18;2280;161.7;750;26.7;18;245;58900;0.125;33800;49;20.2;1.01;184;5;0.64;2.05;0.56;1.25;0.342;0.79;75;7.731930722;5.085742767;6.620073207;-0.16;-0.035109672;13
125;Hingoli;2018;2018-19;2540;180.2;580;27;22;258;61800;0.134;36200;54;21.4;0.97;182;5;0.66;2.02;0.566;1.18;0.356;0.832;76.1;7.83991936;5.194067345;6.363028104;0.14;-1.029883721;13
126;Hingoli;2019;2019-20;2340;183.4;1020;27.1;10;266;62900;0.139;38500;59;22.6;0.94;181;5;0.68;1.99;0.571;1.29;0.335;0.752;84.8;7.757906208;5.21166956;6.927557906;0.24;1.544825581;13
127;Hingoli;2020;2020-21;2580;191.6;920;26.4;12;284;67400;0.151;41200;22;19.4;0.81;180;5;0.7;1.96;0.577;1.28;0.338;0.764;88.5;7.855544678;5.255409866;6.82437367;-0.46;0.959664376;13
128;Hingoli;2021;2021-22;2680;186.5;860;26.7;16;272;64100;0.144;44100;31;23.5;0.76;180;5;0.72;1.93;0.582;1.27;0.342;0.771;93.2;7.893572074;5.228431239;6.756932389;-0.16;0.608567653;13
129;Hingoli;2022;2022-23;2810;195.1;820;26.8;14;254;68200;0.156;46900;62;25.7;1.05;180;5;0.75;1.91;0.588;1.31;0.332;0.74;102.1;7.940939762;5.273512248;6.70930434;-0.06;0.374503171;13
130;Hingoli;2023;2023-24;2900;190.4;590;27;26;261;69400;0.15;49500;70;27.4;1;181;5;0.78;1.88;0.593;1.2;0.351;0.816;82.1;7.972466016;5.249127122;6.380122537;0.14;-0.9713676;13
131;Jalgaon;2014;2014-15;6840;418.6;620;27.2;21;820;215600;0.264;56200;62;28.6;0.78;985;13;0.92;1.31;0.772;1.24;0.442;0.746;92.1;8.830543011;6.03691581;6.429719478;-0.26;-0.635388611;14
132;Jalgaon;2015;2015-16;5880;391.2;480;27.5;32;740;196400;0.235;58400;71;30.5;0.75;982;13;0.94;1.29;0.776;1.18;0.448;0.774;82.4;8.679312041;5.969218938;6.173786104;0.04;-1.591887595;14
133;Jalgaon;2016;2016-17;8450;449.3;790;27.9;15;945;228100;0.281;62900;65;32.1;0.72;980;13;0.96;1.28;0.781;1.26;0.438;0.731;101.2;9.04192172;6.107690816;6.672032945;0.44;0.526074441;14
134;Jalgaon;2017;2017-18;8290;422.7;690;27.3;19;960;222400;0.274;66800;70;33.8;0.89;978;13;1;1.25;0.786;1.25;0.432;0.735;105.4;9.022805248;6.046662708;6.536691598;-0.16;-0.157139119;14
135;Jalgaon;2018;2018-19;9140;445.8;560;27.6;23;992;231200;0.289;71200;76;35.7;0.86;975;13;1.04;1.23;0.791;1.19;0.445;0.762;107.8;9.120415664;6.099870421;6.327936784;0.14;-1.045316747;14
136;Jalgaon;2019;2019-20;8720;450.2;950;27.7;11;1020;235400;0.295;75400;81;37.6;0.82;972;13;1.07;1.21;0.795;1.3;0.428;0.704;118.2;9.073374517;6.109691928;6.856461985;0.24;1.619216137;14
137;Jalgaon;2020;2020-21;9280;459.6;860;27.1;13;1085;248100;0.312;80100;34;32.1;0.7;970;13;1.1;1.19;0.8;1.28;0.43;0.715;123.5;9.135616826;6.130356546;6.756932389;-0.36;1.004323933;14
138;Jalgaon;2021;2021-22;9610;463.1;810;27.3;17;1045;241200;0.304;86200;48;39.2;0.65;970;13;1.13;1.17;0.804;1.26;0.434;0.724;130.2;9.170559502;6.137943013;6.697034248;-0.16;0.662717153;14
139;Jalgaon;2022;2022-23;10080;470.4;760;27.4;15;974;251600;0.318;91400;85;42.8;0.92;971;13;1.18;1.16;0.809;1.31;0.425;0.695;142.1;9.218308542;6.153583397;6.633318433;-0.06;0.321110373;14
140;Jalgaon;2023;2023-24;10390;475.8;610;27.6;27;1002;254900;0.321;96800;92;45.5;0.88;973;13;1.22;1.14;0.813;1.2;0.441;0.768;121.5;9.248599084;6.164997598;6.413458957;0.14;-0.703709967;14
141;Jalna;2014;2014-15;2750;272.5;540;26.5;24;390;88200;0.132;34500;56;24.8;0.84;455;7;0.71;1.95;0.594;1.2;0.385;0.812;70.2;7.919356191;5.607638614;6.29156914;-0.26;-0.500870323;15
142;Jalna;2015;2015-16;2110;215.4;360;26.8;35;295;71400;0.101;32100;72;27.2;0.8;455;7;0.72;1.92;0.6;1.11;0.394;0.864;55.4;7.654443226;5.372496765;5.886104031;0.04;-1.627828549;15
143;Jalna;2016;2016-17;3740;310.6;710;27.3;17;480;97400;0.154;38200;59;28;0.77;452;7;0.74;1.9;0.605;1.24;0.378;0.792;78.4;8.22684089;5.738505911;6.56526497;0.54;0.563479113;15
144;Jalna;2017;2017-18;3550;265.2;610;26.6;22;462;91200;0.142;40600;65;29.5;0.95;450;7;0.77;1.87;0.611;1.21;0.372;0.798;81.6;8.174702882;5.580484258;6.413458957;-0.16;-0.06260879;15
145;Jalna;2018;2018-19;4020;290.4;440;26.9;27;490;96500;0.153;43100;71;31.2;0.91;448;7;0.8;1.84;0.617;1.12;0.388;0.848;82.8;8.299037182;5.671259283;6.086774727;0.14;-1.126958226;15
146;Jalna;2019;2019-20;3680;295.6;860;27;13;505;98100;0.159;45800;77;32.9;0.87;446;7;0.82;1.81;0.622;1.28;0.362;0.758;92.4;8.210668031;5.689007189;6.756932389;0.24;1.502610968;15
147;Jalna;2020;2020-21;4080;310.2;780;26.3;15;538;105400;0.172;48900;30;28.2;0.75;444;7;0.84;1.79;0.628;1.25;0.365;0.77;96.2;8.313852267;5.737217251;6.65929392;-0.46;1.001740645;15
148;Jalna;2021;2021-22;4220;302.4;720;26.6;19;516;100200;0.164;52600;42;34.2;0.7;444;7;0.86;1.76;0.633;1.23;0.369;0.778;101.5;8.347590407;5.711750644;6.579251212;-0.16;0.626087903;15
149;Jalna;2022;2022-23;4430;316.8;690;26.7;17;482;106100;0.178;55900;81;37.4;0.98;445;7;0.9;1.74;0.639;1.29;0.358;0.742;111;8.396154863;5.75827066;6.536691598;-0.06;0.438261532;15
150;Jalna;2023;2023-24;4560;308.4;490;26.9;31;495;107800;0.168;59100;92;40.1;0.93;447;7;0.93;1.71;0.644;1.13;0.381;0.835;89.6;8.425077903;5.731397642;6.194405391;0.14;-0.813914274;15
151;Kolhapur;2014;2014-15;5210;199.2;1450;24.5;9;340;134200;0.368;54100;55;25.6;1.08;1320;12;1.52;0.66;0.938;1.42;0.485;0.485;145.2;8.558335135;5.294309345;7.279318835;-0.18;-0.728932401;16
152;Kolhapur;2015;2015-16;5040;195.4;1180;24.7;14;325;126500;0.342;55200;61;27.2;1.04;1319;12;1.55;0.65;0.941;1.38;0.492;0.512;132.8;8.525161361;5.27504874;7.073269717;0.02;-1.595944509;16
153;Kolhapur;2016;2016-17;6310;204.6;1820;25.1;6;380;141800;0.385;59600;58;28.6;1.01;1315;12;1.58;0.64;0.943;1.45;0.478;0.468;156.4;8.749890956;5.321056854;7.50659178;0.42;0.459195301;16
154;Kolhapur;2017;2017-18;6190;201.2;1610;24.6;8;395;138200;0.381;63100;63;30.1;1.2;1312;12;1.63;0.63;0.946;1.44;0.474;0.472;163.8;8.730690366;5.304299438;7.383989458;-0.08;-0.215147449;16
155;Kolhapur;2018;2018-19;6730;202.4;1390;24.8;9;410;142400;0.394;67400;68;31.8;1.16;1310;12;1.69;0.62;0.948;1.41;0.482;0.498;169.2;8.814330423;5.310245937;7.237059026;0.12;-0.921601758;16
156;Kolhapur;2019;2019-20;6480;203.1;2210;24.9;4;420;144800;0.402;71500;73;33.5;1.12;1308;12;1.74;0.6;0.951;1.48;0.468;0.445;186.4;8.776475789;5.313698469;7.700747795;0.22;1.711546123;16
157;Kolhapur;2020;2020-21;6810;205.8;1980;24.3;5;445;152100;0.415;76200;30;28.8;0.98;1305;12;1.78;0.59;0.953;1.46;0.472;0.454;194.5;8.826147399;5.326904823;7.590852124;-0.38;0.972980254;16
158;Kolhapur;2021;2021-22;7080;206.4;1890;24.5;7;428;147400;0.408;81900;41;34.9;0.93;1305;12;1.82;0.58;0.956;1.45;0.475;0.461;206.2;8.865029187;5.329816034;7.544332108;-0.18;0.683976218;16
159;Kolhapur;2022;2022-23;7420;208.9;1760;24.6;6;398;153900;0.421;86800;77;38.2;1.24;1308;12;1.9;0.57;0.958;1.49;0.466;0.432;225.4;8.911934336;5.341855669;7.473069088;-0.08;0.266525944;16
160;Kolhapur;2023;2023-24;7650;210.2;1480;24.8;12;410;156200;0.424;91600;84;40.6;1.19;1312;12;1.97;0.55;0.961;1.42;0.481;0.485;204.5;8.942460927;5.348059458;7.299797367;0.12;-0.632597723;16
161;Latur;2014;2014-15;3210;292.1;640;26.7;23;380;96400;0.138;32800;53;22.8;0.8;510;10;0.81;1.64;0.668;1.21;0.312;0.795;74.2;8.074026216;5.677096209;6.461468176;-0.26;-0.473417906;17
162;Latur;2015;2015-16;2450;240.6;440;27;32;310;81200;0.105;30500;68;25.1;0.76;508;10;0.83;1.61;0.674;1.12;0.322;0.848;60.5;7.803843304;5.483135804;6.086774727;0.04;-1.656962671;17
163;Latur;2016;2016-17;4180;332.4;820;27.5;16;465;108500;0.162;36400;56;25.8;0.73;506;10;0.85;1.59;0.679;1.25;0.305;0.772;83.1;8.338066526;5.806339063;6.70930434;0.54;0.591772382;17
164;Latur;2017;2017-18;3990;289.1;710;26.8;19;440;102400;0.151;38500;62;27.2;0.91;502;10;0.89;1.56;0.685;1.23;0.301;0.778;86.4;8.29154651;5.666772649;6.56526497;-0.16;-0.059177238;17
165;Latur;2018;2018-19;4460;315.2;540;27.1;24;468;106800;0.164;41200;68;28.8;0.87;500;10;0.92;1.53;0.691;1.15;0.318;0.83;88;8.402904045;5.753207358;6.29156914;0.14;-1.065190288;17
166;Latur;2019;2019-20;4080;320.6;980;27.2;11;482;108500;0.171;43800;73;30.4;0.84;497;10;0.95;1.5;0.696;1.29;0.29;0.738;98.1;8.313852267;5.77019424;6.887552572;0.24;1.538608194;17
167;Latur;2020;2020-21;4520;332.4;890;26.5;13;514;116400;0.186;46700;28;26.1;0.72;495;10;0.98;1.48;0.702;1.27;0.294;0.751;102.5;8.416267273;5.806339063;6.791221463;-0.46;1.00601305;17
168;Latur;2021;2021-22;4680;327.1;820;26.8;17;494;111200;0.178;50200;39;31.7;0.67;494;10;1.01;1.45;0.707;1.25;0.298;0.76;108.1;8.451053389;5.790265935;6.70930434;-0.16;0.591772382;17
169;Latur;2022;2022-23;4920;338.5;780;26.9;15;460;117500;0.192;53400;77;34.6;0.95;495;10;1.05;1.43;0.713;1.3;0.285;0.724;118.4;8.501063809;5.824524092;6.65929392;-0.06;0.355063429;17
170;Latur;2023;2023-24;5070;333.2;580;27.1;28;472;119400;0.185;56400;86;37;0.9;497;10;1.09;1.41;0.718;1.17;0.314;0.821;96.2;8.531096097;5.80874291;6.363028104;0.14;-0.828481335;17
171;Nagpur;2014;2014-15;3540;212.4;920;26.7;15;310;82100;0.192;34800;51;21.4;0.98;485;13;1.15;1.32;0.756;1.26;0.326;0.728;NA;8.171882006;5.358471289;6.82437367;-0.26;-0.469672173;18
172;Nagpur;2015;2015-16;3180;198.6;690;27;22;280;74500;0.171;33200;58;23;0.94;482;13;1.18;1.3;0.761;1.21;0.332;0.762;NA;8.064636476;5.291292752;6.536691598;0.04;-1.711334238;18
173;Nagpur;2016;2016-17;4490;231.5;1120;27.5;10;360;89400;0.214;38600;54;24.2;0.91;480;13;1.2;1.28;0.765;1.3;0.321;0.704;NA;8.409607981;5.444579874;7.021083964;0.54;0.610033971;18
174;Nagpur;2017;2017-18;4320;214.2;980;26.8;13;352;86200;0.205;40900;58;25.5;1.11;478;13;1.25;1.26;0.77;1.29;0.316;0.71;NA;8.371010681;5.366910158;6.887552572;-0.16;-0.145760329;18
175;Nagpur;2018;2018-19;4760;224.8;840;27.1;16;370;89800;0.218;43600;63;26.9;1.07;475;13;1.3;1.24;0.775;1.24;0.329;0.746;NA;8.468002947;5.415211118;6.733401892;0.14;-0.90155463;18
176;Nagpur;2019;2019-20;4420;227.1;1310;27.2;7;382;91200;0.224;46200;68;28.4;1.03;472;13;1.34;1.21;0.78;1.34;0.31;0.675;NA;8.393894975;5.425390449;7.177782416;0.24;1.635754808;18
177;Nagpur;2020;2020-21;4820;232.5;1190;26.5;9;406;96800;0.238;49300;27;24.4;0.89;470;13;1.38;1.19;0.785;1.32;0.312;0.689;NA;8.480529207;5.448890225;7.081708586;-0.46;0.987931122;18
178;Nagpur;2021;2021-22;4990;230.4;1110;26.8;11;390;93200;0.231;52900;37;29.6;0.84;470;13;1.41;1.17;0.79;1.31;0.315;0.696;NA;8.515191189;5.439816929;7.012115294;-0.16;0.556048664;18
179;Nagpur;2022;2022-23;5240;236.2;1050;26.9;9;364;98100;0.246;56100;72;32.4;1.15;471;13;1.47;1.16;0.794;1.35;0.306;0.668;NA;8.564076777;5.464678904;6.956545443;-0.06;0.232136821;18
180;Nagpur;2023;2023-24;5400;233.5;860;27.1;19;374;99600;0.242;59200;79;34.6;1.1;473;13;1.52;1.14;0.799;1.26;0.324;0.735;NA;8.594154233;5.453182077;6.756932389;0.14;-0.793584016;18
181;Nanded;2014;2014-15;4250;318.6;740;27.3;20;495;122500;0.154;35200;51;21.2;0.83;745;12;0.84;1.42;0.724;1.26;0.338;0.772;78.8;8.354674262;5.763936397;6.606650186;-0.26;-0.57220654;19
182;Nanded;2015;2015-16;3380;285.1;510;27.6;29;410;104200;0.125;33100;65;23.4;0.79;742;12;0.86;1.39;0.729;1.19;0.346;0.818;65.4;8.125630988;5.652839996;6.234410726;0.04;-1.768638397;19
183;Nanded;2016;2016-17;5610;358.2;940;28.1;13;590;136400;0.176;39400;54;24;0.75;740;12;0.88;1.38;0.734;1.3;0.331;0.751;86.2;8.632305999;5.88109149;6.845879875;0.54;0.468168987;19
184;Nanded;2017;2017-18;5390;321.4;820;27.4;17;582;129500;0.168;41500;59;25.3;0.94;738;12;0.92;1.35;0.739;1.28;0.325;0.756;89.8;8.592300664;5.772686453;6.70930434;-0.16;-0.156056329;19
185;Nanded;2018;2018-19;5980;345.8;680;27.7;21;614;135200;0.181;44200;65;26.7;0.9;735;12;0.95;1.33;0.744;1.22;0.34;0.798;91.4;8.696175847;5.845860573;6.522092798;0.14;-0.884319199;19
186;Nanded;2019;2019-20;5510;351.4;1140;27.8;9;632;137600;0.188;46800;70;28.2;0.86;732;12;0.98;1.3;0.749;1.34;0.318;0.714;101.8;8.614319902;5.861925176;7.038783541;0.24;1.508544515;19
187;Nanded;2020;2020-21;6080;362.8;1050;27.1;11;674;146200;0.201;49800;27;24.2;0.74;730;12;1.01;1.28;0.754;1.32;0.322;0.728;106.2;8.712759975;5.893851718;6.956545443;-0.46;1.040375528;19
188;Nanded;2021;2021-22;6290;358.1;980;27.4;15;648;140400;0.194;53600;38;29.3;0.69;730;12;1.04;1.26;0.759;1.31;0.326;0.735;112.4;8.74671635;5.880812277;6.887552572;-0.16;0.676244093;19
189;Nanded;2022;2022-23;6610;368.4;930;27.5;13;604;148100;0.208;56900;74;32.1;0.97;731;12;1.08;1.24;0.764;1.35;0.315;0.704;123.1;8.796338933;5.909169304;6.835184586;-0.06;0.416150211;19
190;Nanded;2023;2023-24;6810;362.5;710;27.7;25;621;150400;0.202;60200;83;34.3;0.92;734;12;1.12;1.22;0.769;1.24;0.336;0.782;103.4;8.826147399;5.893024474;6.56526497;0.14;-0.728262869;19
191;Nandurbar;2014;2014-15;1610;168.2;680;26.2;20;145;44100;0.121;21500;41;14.8;1.04;168;5;0.44;1.88;0.605;1.16;0.345;0.825;65.4;7.383989458;5.125153748;6.522092798;-0.21;-0.634038212;20
192;Nandurbar;2015;2015-16;1420;159.4;540;26.5;28;132;40500;0.108;21900;48;15.9;1.01;168;5;0.45;1.85;0.611;1.12;0.352;0.848;58.1;7.258412151;5.071416766;6.29156914;0.09;-1.568410314;20
193;Nandurbar;2016;2016-17;2050;184.6;850;26.8;14;168;47200;0.132;23400;44;16.6;0.97;167;5;0.46;1.83;0.616;1.18;0.342;0.812;70.8;7.625595072;5.218191322;6.745236349;0.39;0.500556483;20
194;Nandurbar;2017;2017-18;1980;173.2;740;26.3;18;155;45100;0.126;24800;47;17.5;1.18;167;5;0.49;1.8;0.622;1.17;0.338;0.816;73.2;7.590852124;5.154446996;6.606650186;-0.11;-0.233593025;20
195;Nandurbar;2018;2018-19;2190;182.1;620;26.5;21;162;46800;0.135;26100;51;18.4;1.14;165;5;0.51;1.77;0.627;1.13;0.348;0.839;75.1;7.691656823;5.204555987;6.429719478;0.09;-1.034483399;20
196;Nandurbar;2019;2019-20;2050;185.3;1040;26.7;10;166;47500;0.139;27600;55;19.5;1.1;164;5;0.53;1.74;0.633;1.22;0.334;0.79;82.6;7.625595072;5.221976133;6.946975992;0.29;1.768632907;20
197;Nandurbar;2020;2020-21;2210;190.2;920;26;12;174;49800;0.145;29100;25;16.8;0.96;162;5;0.55;1.71;0.638;1.19;0.336;0.801;86.4;7.700747795;5.24807615;6.82437367;-0.41;0.967742534;20
198;Nandurbar;2021;2021-22;2290;192.4;860;26.2;16;168;48200;0.141;31200;34;20.2;0.9;162;5;0.57;1.69;0.643;1.18;0.34;0.808;91.5;7.736307097;5.259576538;6.756932389;-0.21;0.567297348;20
199;Nandurbar;2022;2022-23;2410;196.5;810;26.3;14;156;50400;0.148;33100;59;22.1;1.24;163;5;0.6;1.66;0.649;1.22;0.331;0.784;99.2;7.787382026;5.280662431;6.697034248;-0.11;0.233593025;20
200;Nandurbar;2023;2023-24;2480;199.1;690;26.6;25;160;51200;0.151;34900;64;23.5;1.19;164;5;0.63;1.64;0.654;1.14;0.349;0.842;84.8;7.816013839;5.293807211;6.536691598;0.19;-0.567297348;20
201;Nashik;2014;2014-15;6510;392.1;820;25.1;19;695;185400;0.242;62400;68;34.2;0.82;1120;15;1.12;1.34;0.765;1.28;0.224;0.732;108.2;8.781094735;5.971516909;6.70930434;-0.17;-0.562481842;21
202;Nashik;2015;2015-16;5920;374.5;610;25.3;26;640;171200;0.221;64500;74;36.5;0.79;1118;15;1.14;1.32;0.77;1.22;0.228;0.758;98.4;8.686091728;5.925591803;6.413458957;0.03;-1.636310812;21
203;Nashik;2016;2016-17;8240;415.2;1020;25.6;12;785;194500;0.258;69200;76;38.4;0.76;1115;15;1.16;1.31;0.774;1.3;0.221;0.714;114.5;9.016755623;6.028760332;6.927557906;0.33;0.460212416;21
204;Nashik;2017;2017-18;8110;398.4;890;25.2;15;810;191200;0.252;73800;82;40.5;0.94;1112;15;1.2;1.28;0.779;1.29;0.218;0.718;118.6;9.000853147;5.987456526;6.791221463;-0.07;-0.204538852;21
205;Nashik;2018;2018-19;8920;412.3;740;25.4;18;834;198600;0.264;78400;88;42.8;0.91;1110;15;1.24;1.26;0.784;1.24;0.225;0.745;122.4;9.096051226;6.02175124;6.606650186;0.13;-0.971559545;21
206;Nashik;2019;2019-20;8650;416.8;1280;25.5;9;860;201400;0.271;83100;94;45.2;0.88;1108;15;1.27;1.24;0.788;1.34;0.214;0.692;134.1;9.0653146;6.03260649;7.154615357;0.23;1.789714951;21
207;Nashik;2020;2020-21;9120;424.1;1110;24.9;11;915;212500;0.285;88200;38;38.6;0.76;1105;15;1.3;1.22;0.793;1.32;0.216;0.704;140.5;9.118225083;6.049969276;7.012115294;-0.37;0.920424832;21
208;Nashik;2021;2021-22;9480;428.5;1040;25.1;14;885;206400;0.278;94500;52;46.8;0.71;1105;15;1.33;1.2;0.797;1.31;0.219;0.712;148.6;9.156939595;6.060290738;6.946975992;-0.17;0.562481842;21
209;Nashik;2022;2022-23;9920;435.2;980;25.2;12;824;215200;0.291;99800;98;51.2;0.99;1106;15;1.38;1.19;0.802;1.35;0.212;0.685;161.4;9.2023082;6.075805696;6.887552572;-0.07;0.255673564;21
210;Nashik;2023;2023-24;10210;440.6;810;25.4;22;845;218400;0.294;105400;104;54.4;0.95;1108;15;1.43;1.16;0.806;1.25;0.228;0.754;143.2;9.231122911;6.088137434;6.697034248;0.13;-0.613616555;21
211;Parbhani;2014;2014-15;2810;226.4;610;27.1;23;360;84500;0.128;31800;48;19.5;0.76;415;8;0.66;1.98;0.586;1.18;0.392;0.828;68.5;7.940939762;5.422303346;6.413458957;-0.26;-0.484491399;22
212;Parbhani;2015;2015-16;2190;189.2;420;27.4;33;280;69200;0.098;29400;62;21.4;0.73;415;8;0.67;1.95;0.592;1.1;0.401;0.875;54.1;7.691656823;5.242804657;6.040254711;0.04;-1.649723876;22
213;Parbhani;2016;2016-17;3680;251.3;790;27.9;15;445;92600;0.149;35400;51;22.1;0.69;412;8;0.69;1.93;0.597;1.22;0.385;0.805;75.8;8.210668031;5.526647445;6.672032945;0.54;0.619413054;22
214;Parbhani;2017;2017-18;3490;218.4;680;27.2;20;420;86500;0.136;37200;56;23.3;0.88;410;8;0.72;1.9;0.603;1.2;0.378;0.81;79;8.157657015;5.386328244;6.522092798;-0.16;-0.055195223;22
215;Parbhani;2018;2018-19;3890;235.6;510;27.5;25;438;91200;0.148;39600;62;24.6;0.84;408;8;0.75;1.87;0.609;1.13;0.395;0.862;80.4;8.266164437;5.462135452;6.234410726;0.14;-1.09777165;22
216;Parbhani;2019;2019-20;3550;239.2;940;27.6;11;450;92600;0.154;42100;67;26;0.81;405;8;0.77;1.84;0.614;1.25;0.368;0.774;89.5;8.174702882;5.477300022;6.845879875;0.24;1.539333431;22
217;Parbhani;2020;2020-21;3940;248.5;850;26.9;13;482;99200;0.168;44800;25;22.4;0.69;402;8;0.79;1.82;0.62;1.23;0.372;0.785;93.4;8.278936002;5.515442846;6.745236349;-0.46;0.987381205;22
218;Parbhani;2021;2021-22;4090;242.1;790;27.2;18;462;94500;0.159;48100;36;27.1;0.64;402;8;0.81;1.79;0.625;1.22;0.376;0.793;98.5;8.316300249;5.489350864;6.672032945;-0.16;0.619413054;22
219;Parbhani;2022;2022-23;4290;252.4;740;27.3;15;430;100200;0.172;51200;71;29.6;0.91;403;8;0.85;1.77;0.631;1.26;0.365;0.761;107.6;8.364042012;5.531015131;6.606650186;-0.06;0.312772928;22
220;Parbhani;2023;2023-24;4420;246.1;560;27.5;29;442;101900;0.165;54100;81;31.6;0.86;405;8;0.88;1.74;0.636;1.14;0.388;0.848;86.8;8.393894975;5.505737957;6.327936784;0.14;-0.791131524;22
221;Pune;2014;2014-15;6190;290.5;740;24.8;16;410;124500;0.325;52400;75;38.5;0.92;1280;13;1.35;1.12;0.821;1.3;0.265;0.628;135.6;8.730690366;5.671603576;6.606650186;-0.19;-0.681338642;23
222;Pune;2015;2015-16;5850;265.1;580;25;24;385;115200;0.298;53100;82;41.2;0.89;1278;13;1.38;1.1;0.825;1.24;0.271;0.664;124.1;8.67419694;5.580107113;6.363028104;0.01;-1.574897517;23
223;Pune;2016;2016-17;7620;312.4;910;25.4;11;480;132400;0.346;58200;78;43.1;0.85;1274;13;1.41;1.09;0.829;1.34;0.259;0.602;148.2;8.938531649;5.744284418;6.8134446;0.41;0.268067663;23
224;Pune;2017;2017-18;7490;276.8;820;24.9;14;492;128600;0.338;61400;84;45.4;1.04;1270;13;1.45;1.06;0.834;1.32;0.255;0.608;155.4;8.921324077;5.623295224;6.70930434;-0.09;-0.234559205;23
225;Pune;2018;2018-19;8110;285.4;690;25.1;17;512;133200;0.352;65200;91;47.9;1;1268;13;1.5;1.04;0.838;1.27;0.262;0.646;161;9.000853147;5.653891705;6.536691598;0.11;-0.960575791;23
226;Pune;2019;2019-20;7850;288.1;1180;25.3;8;535;135400;0.361;69100;98;50.5;0.96;1265;13;1.55;1.02;0.843;1.38;0.248;0.572;177.4;8.968268811;5.663307642;7.073269717;0.31;1.775948264;23
227;Pune;2020;2020-21;8240;294.5;1040;24.6;10;568;142800;0.378;73500;41;43.4;0.83;1262;13;1.59;1;0.847;1.36;0.25;0.584;185.4;9.016755623;5.685279003;6.946975992;-0.39;0.994084249;23
228;Pune;2021;2021-22;8560;291.2;980;24.8;12;545;138100;0.369;78900;58;52.6;0.78;1262;13;1.63;0.98;0.852;1.35;0.253;0.591;196.5;9.054855469;5.674010316;6.887552572;-0.19;0.65899967;23
229;Pune;2022;2022-23;8980;298.4;920;24.9;11;508;144200;0.384;83400;102;57.5;1.08;1265;13;1.7;0.97;0.856;1.39;0.245;0.561;215.2;9.102755161;5.698434868;6.82437367;-0.09;0.323915092;23
230;Pune;2023;2023-24;9240;293.6;760;25.1;20;522;146500;0.376;88200;111;61.2;1.03;1269;13;1.76;0.95;0.861;1.29;0.261;0.638;189.6;9.131297165;5.682218297;6.633318433;0.11;-0.569643783;23
231;Raigad;2014;2014-15;1070;102.5;2410;26.8;7;102;28100;0.051;21800;28;11.2;1.25;563;5;0.95;0.73;0.912;1.03;0.812;0.948;61.2;6.975413927;4.629862799;7.787382026;-0.19;-1.025381759;24
232;Raigad;2015;2015-16;1110;95.4;2120;27;11;94;26800;0.048;22400;29;11.8;1.22;558;5;0.96;0.72;0.915;1.02;0.815;0.952;64.2;7.012115294;4.558078578;7.659171368;0.01;-1.580159203;24
233;Raigad;2016;2016-17;1250;104.1;3150;27.4;4;110;29100;0.054;23900;31;12.4;1.19;552;5;0.98;0.71;0.918;1.04;0.808;0.945;68.4;7.13089883;4.645351976;8.055157732;0.41;0.390257237;24
234;Raigad;2017;2017-18;1210;97.2;2810;26.9;6;105;28400;0.052;25100;34;13.1;1.34;545;5;1.02;0.69;0.922;1.04;0.804;0.943;71.2;7.098375639;4.576770711;7.940939762;-0.09;-0.260171491;24
235;Raigad;2018;2018-19;1320;98.6;2490;27.1;8;104;29200;0.055;26400;36;13.8;1.31;132;5;1.05;0.68;0.925;1.03;0.807;0.95;74.5;7.185387016;4.591071262;7.820037989;0.11;-0.872339706;24
236;Raigad;2019;2019-20;1280;99.1;3890;27.3;3;105;29400;0.056;28100;39;14.5;1.28;129;5;1.08;0.66;0.929;1.05;0.801;0.938;81.2;7.154615357;4.596129441;8.266164437;0.31;1.805896233;24
237;Raigad;2020;2020-21;1340;100.4;3420;26.6;5;108;30100;0.059;29400;18;12.8;1.14;127;5;1.1;0.65;0.933;1.04;0.804;0.941;86.2;7.200424893;4.609162207;8.13739583;-0.39;0.906774168;24
238;Raigad;2021;2021-22;1390;100.8;3210;26.8;5;104;29600;0.057;31200;24;15.1;1.09;127;5;1.12;0.64;0.936;1.04;0.806;0.939;89.4;7.237059026;4.613138356;8.074026216;-0.19;0.505038777;24
239;Raigad;2022;2022-23;1440;101.9;3110;26.9;4;98;30400;0.06;32900;41;16.4;1.36;127;5;1.16;0.63;0.94;1.05;0.798;0.933;92.4;7.272398393;4.62399194;8.042378005;-0.09;0.31373621;24
240;Raigad;2023;2023-24;1490;102.4;2850;27.1;10;101;30700;0.061;34800;43;17.5;1.32;127;5;1.2;0.61;0.943;1.03;0.811;0.948;88.5;7.306531399;4.628886713;7.955074273;0.11;-0.183650464;24
241;Ratnagiri;2014;2014-15;1410;71.3;2680;26.4;6;68;14200;0.042;28500;42;18.4;1.42;165;3;0.72;0.84;0.895;1.02;0.785;0.962;78.5;7.251344983;4.266896327;7.893572074;-0.17;-1.025176228;25
242;Ratnagiri;2015;2015-16;1480;66.8;2340;26.6;9;62;13500;0.039;29200;45;19.2;1.38;165;3;0.74;0.83;0.898;1.01;0.788;0.966;82.1;7.299797367;4.201703081;7.757906208;0.03;-1.637759562;25
243;Ratnagiri;2016;2016-17;1690;72.4;3420;26.9;4;72;14800;0.044;31400;46;20.1;1.35;164;3;0.75;0.82;0.902;1.03;0.782;0.96;86.2;7.432483808;4.282206299;8.13739583;0.33;0.308093383;25
244;Ratnagiri;2017;2017-18;1640;68.5;3110;26.5;5;68;14100;0.041;33200;49;21.2;1.51;162;3;0.78;0.8;0.906;1.02;0.78;0.958;90.1;7.402451521;4.226833745;8.042378005;-0.07;-0.250438481;25
245;Ratnagiri;2018;2018-19;1750;69.2;2750;26.6;6;66;14400;0.043;35100;52;22.4;1.46;161;3;0.81;0.79;0.91;1.02;0.783;0.964;94.1;7.467371067;4.237000863;7.919356191;0.03;-0.899056129;25
246;Ratnagiri;2019;2019-20;1710;69.8;4120;26.8;3;68;14600;0.045;37200;56;23.6;1.42;160;3;0.83;0.77;0.913;1.03;0.776;0.954;103.5;7.444248649;4.24563401;8.323608442;0.23;1.569294366;25
247;Ratnagiri;2020;2020-21;1780;70.4;3850;26.2;4;70;14900;0.047;39100;24;20.2;1.28;158;3;0.85;0.76;0.917;1.03;0.778;0.956;108.4;7.484368643;4.254193263;8.255828427;-0.37;1.08283113;25
248;Ratnagiri;2021;2021-22;1840;70.9;3610;26.4;4;66;14500;0.046;41500;32;24.5;1.22;158;3;0.87;0.74;0.921;1.02;0.781;0.955;112.1;7.517520851;4.261270434;8.191463051;-0.17;0.650419364;25
249;Ratnagiri;2022;2022-23;1910;71.5;3490;26.5;4;62;14800;0.048;43800;58;26.8;1.54;158;3;0.91;0.73;0.924;1.03;0.774;0.95;116.5;7.554858521;4.26969745;8.157657015;-0.07;0.434213481;25
250;Ratnagiri;2023;2023-24;1960;72;3120;26.8;8;64;15100;0.049;46200;61;28.4;1.49;159;3;0.94;0.71;0.928;1.02;0.785;0.961;108.4;7.580699752;4.276666119;8.045588281;0.23;-0.232421324;25
251;Sangli;2014;2014-15;4280;236.1;520;25.5;22;390;118500;0.275;58400;61;29.4;0.88;785;8;1.05;1.16;0.804;1.24;0.332;0.702;118.4;8.361708289;5.464255444;6.253828812;-0.22;-0.634215215;26
252;Sangli;2015;2015-16;3980;210.4;390;25.8;31;340;106400;0.242;59100;69;31.6;0.85;784;8;1.07;1.14;0.809;1.18;0.338;0.738;104.2;8.289037098;5.349010481;5.966146739;0.08;-1.54023695;26
253;Sangli;2016;2016-17;5490;252.3;680;26.2;14;460;126200;0.298;64800;64;33;0.81;780;8;1.09;1.13;0.813;1.27;0.326;0.682;128.5;8.610683535;5.530618856;6.522092798;0.48;0.480888459;26
254;Sangli;2017;2017-18;5310;224.7;590;25.6;18;475;121400;0.291;69200;70;34.8;0.99;778;8;1.13;1.1;0.818;1.25;0.322;0.688;134.6;8.577347114;5.414766179;6.380122537;-0.12;-0.146357357;26
255;Sangli;2018;2018-19;5910;235.1;450;25.9;22;496;126800;0.305;73500;76;36.8;0.95;775;8;1.17;1.08;0.822;1.19;0.33;0.724;138.4;8.68440111;5.460010956;6.109247583;0.18;-1.122073072;26
256;Sangli;2019;2019-20;5620;238.4;840;26;10;515;129100;0.312;78100;82;38.8;0.92;772;8;1.21;1.06;0.827;1.31;0.315;0.648;152.9;8.634086943;5.473949935;6.733401892;0.28;1.595992133;26
257;Sangli;2020;2020-21;5980;244.1;760;25.3;12;548;136400;0.328;83200;33;33.2;0.79;770;8;1.24;1.04;0.831;1.29;0.318;0.66;160.4;8.696175847;5.497577977;6.633318433;-0.42;1.038440296;26
258;Sangli;2021;2021-22;6210;241.6;710;25.5;15;524;131500;0.321;89400;46;40.4;0.74;770;8;1.27;1.02;0.836;1.28;0.321;0.667;169.5;8.733916175;5.487283466;6.56526497;-0.22;0.689970398;26
259;Sangli;2022;2022-23;6520;248.5;660;25.6;13;488;137600;0.335;94800;86;44.1;1.03;772;8;1.32;1.01;0.84;1.32;0.312;0.635;185.6;8.782629655;5.515442846;6.492239835;-0.12;0.3415005;26
260;Sangli;2023;2023-24;6710;244.2;510;25.8;26;502;139500;0.331;100200;93;47;0.98;774;8;1.37;0.99;0.845;1.21;0.327;0.715;161.2;8.81135423;5.497987562;6.234410726;0.08;-0.703909194;26
261;Satara;2014;2014-15;4390;212.4;710;24.3;18;285;88400;0.241;41800;52;22.1;1.15;920;10;1.18;0.88;0.886;1.26;0.315;0.684;112.5;8.387084506;5.358471289;6.56526497;-0.19;-0.643293694;27
262;Satara;2015;2015-16;4110;198.5;540;24.5;25;260;81200;0.218;42300;58;23.6;1.11;918;10;1.2;0.86;0.89;1.2;0.321;0.721;98.4;8.321178307;5.2907891;6.29156914;0.01;-1.602591307;27
263;Satara;2016;2016-17;5420;224.1;890;24.9;11;335;94100;0.262;46500;55;24.8;1.08;915;10;1.22;0.85;0.893;1.29;0.309;0.665;121.8;8.597851094;5.412092381;6.791221463;0.41;0.372433191;27
264;Satara;2017;2017-18;5280;205.6;790;24.4;13;320;91500;0.255;49100;61;26.1;1.26;912;10;1.26;0.83;0.897;1.28;0.305;0.67;127.2;8.571681377;5.325932534;6.672032945;-0.09;-0.191859523;27
265;Satara;2018;2018-19;5840;210.8;640;24.6;16;341;94800;0.268;52300;66;27.6;1.22;910;10;1.31;0.82;0.901;1.22;0.312;0.708;131;8.672486076;5.350909817;6.461468176;0.11;-1.038298593;27
266;Satara;2019;2019-20;5590;212.6;1120;24.8;8;350;96200;0.274;55400;71;29.1;1.18;908;10;1.35;0.8;0.904;1.34;0.298;0.631;144.8;8.628734566;5.359412466;7.021083964;0.31;1.670306432;27
267;Satara;2020;2020-21;5920;218.4;1010;24.1;9;372;101400;0.289;58900;29;25;1.04;905;10;1.39;0.79;0.908;1.32;0.301;0.642;151.8;8.686091728;5.386328244;6.91770561;-0.39;1.049584447;27
268;Satara;2021;2021-22;6140;216.5;940;24.3;12;356;97800;0.281;63200;39;30.3;0.99;905;10;1.42;0.77;0.911;1.3;0.304;0.65;160.5;8.722580021;5.377590547;6.845879875;-0.19;0.654579548;27
269;Satara;2022;2022-23;6450;222.1;880;24.4;10;332;102300;0.294;67100;74;33.1;1.3;906;10;1.48;0.76;0.915;1.35;0.295;0.618;175.2;8.77183541;5.403127731;6.779921907;-0.09;0.31600392;27
270;Satara;2023;2023-24;6640;219.5;720;24.6;21;341;103800;0.291;70800;81;35.2;1.25;908;10;1.53;0.74;0.918;1.24;0.311;0.698;154.8;8.800867242;5.391352233;6.579251212;0.11;-0.586864422;27
271;Sindhudurg;2014;2014-15;980;56.4;2840;26.2;5;52;11800;0.068;27400;45;19.5;1.55;120;3;0.68;0.88;0.882;1.04;0.764;0.935;60.5;6.887552572;4.032469159;7.951559331;-0.24;-0.981964794;28
272;Sindhudurg;2015;2015-16;1020;52.1;2410;26.4;8;48;11100;0.062;28100;47;20.4;1.51;120;3;0.69;0.87;0.885;1.03;0.768;0.939;64.5;6.927557906;3.953164949;7.787382026;-0.04;-1.734629431;28
273;Sindhudurg;2016;2016-17;1180;57.2;3610;26.8;3;56;12200;0.071;29800;48;21.3;1.48;119;3;0.71;0.85;0.889;1.05;0.761;0.932;68.2;7.073269717;4.046553898;8.191463051;0.36;0.365830021;28
274;Sindhudurg;2017;2017-18;1140;53.9;3290;26.3;5;52;11700;0.069;31500;51;22.5;1.64;119;3;0.74;0.84;0.893;1.05;0.758;0.93;71.2;7.038783541;3.987130478;8.098642844;-0.14;-0.194292499;28
275;Sindhudurg;2018;2018-19;1210;54.8;2910;26.5;6;51;12000;0.072;33400;55;23.8;1.59;118;3;0.76;0.82;0.896;1.04;0.762;0.937;73.4;7.098375639;4.003690194;7.97590836;0.06;-0.859437993;28
276;Sindhudurg;2019;2019-20;1190;55.2;4310;26.7;3;52;12200;0.074;35400;59;25.1;1.54;118;3;0.78;0.8;0.9;1.06;0.755;0.924;80.5;7.081708586;4.010962953;8.368693183;0.26;1.591098036;28
277;Sindhudurg;2020;2020-21;1230;55.8;3980;26.1;4;54;12400;0.076;37200;26;21.4;1.39;117;3;0.8;0.79;0.904;1.05;0.758;0.926;84.5;7.114769448;4.021773869;8.289037098;-0.34;1.013471686;28
278;Sindhudurg;2021;2021-22;1280;56.1;3750;26.3;3;51;12100;0.075;39400;35;26.1;1.33;117;3;0.82;0.77;0.907;1.05;0.76;0.924;88.2;7.154615357;4.027135813;8.229511119;-0.14;0.610883624;28
279;Sindhudurg;2022;2022-23;1330;56.8;3620;26.4;3;48;12300;0.078;41600;62;28.5;1.68;117;3;0.85;0.76;0.911;1.06;0.753;0.919;90.8;7.192934221;4.039536326;8.194229305;-0.04;0.38333385;28
280;Sindhudurg;2023;2023-24;1360;57.1;3290;26.7;8;49;12500;0.079;43800;64;30.2;1.62;117;3;0.88;0.74;0.914;1.04;0.764;0.932;86.5;7.215239979;4.044804117;8.098642844;0.26;-0.194292499;28
281;Solapur;2014;2014-15;5420;395.2;450;27.4;28;310;98200;0.224;36500;58;24.2;0.74;1150;11;0.98;1.74;0.654;1.21;0.284;0.725;98.2;8.597851094;5.979391966;6.109247583;-0.31;-0.503333803;29
282;Solapur;2015;2015-16;4610;280.4;310;27.8;39;245;81400;0.175;33400;74;27.1;0.7;1148;11;1;1.71;0.66;1.11;0.292;0.782;82.5;8.435983136;5.636217155;5.736572297;0.09;-1.482038421;29
283;Solapur;2016;2016-17;6940;451.2;580;28.2;19;390;108500;0.251;41200;62;27.8;0.67;1145;11;1.02;1.69;0.665;1.25;0.278;0.701;107.4;8.845057054;6.1119107;6.363028104;0.49;0.405463341;29
284;Solapur;2017;2017-18;6710;342.3;510;27.6;24;365;101200;0.234;43500;68;29.3;0.85;1142;11;1.06;1.66;0.671;1.22;0.274;0.708;112.1;8.81135423;5.835687546;6.234410726;-0.11;-0.083888967;29
285;Solapur;2018;2018-19;7430;390.2;340;27.9;31;382;105400;0.248;46200;74;31;0.82;1140;11;1.1;1.63;0.676;1.13;0.286;0.768;114.5;8.913281138;5.966659428;5.828945618;0.19;-1.272316003;29
286;Solapur;2019;2019-20;7110;398.4;740;28;14;398;107200;0.256;48900;79;32.7;0.79;1136;11;1.14;1.6;0.682;1.32;0.265;0.654;127.2;8.869257523;5.987456526;6.606650186;0.29;1.523982904;29
287;Solapur;2020;2020-21;7540;415.2;680;27.3;16;424;114500;0.272;52100;31;28.1;0.66;1132;11;1.17;1.58;0.687;1.29;0.268;0.668;133.2;8.927977461;6.028760332;6.522092798;-0.41;1.104538068;29
288;Solapur;2021;2021-22;7820;402.1;610;27.5;21;406;109200;0.261;56400;44;34.1;0.61;1132;11;1.2;1.55;0.692;1.26;0.272;0.684;140.8;8.964439834;5.996700814;6.413458957;-0.21;0.615185759;29
289;Solapur;2022;2022-23;8210;422.6;590;27.6;18;378;115400;0.278;59800;83;37.3;0.89;1135;11;1.25;1.53;0.697;1.34;0.261;0.624;154.6;9.013108202;6.046426105;6.380122537;-0.11;0.475370814;29
290;Solapur;2023;2023-24;8450;395.4;410;27.8;35;390;117100;0.254;63100;94;39.8;0.84;1138;11;1.3;1.5;0.702;1.15;0.282;0.752;125.4;9.04192172;5.979897911;6.01615716;0.09;-0.782963694;29
291;Thane_Palghar;2014;2014-15;2080;122.6;2150;27.1;8;55015.062;54900.062;0.062;22450;32;12.5;1.12;345;6;0.82;0.94;0.864;1.05;0.742;0.924;127.6;7.640123173;4.808927024;7.673223121;-0.16;-1.107511148;30
292;Thane_Palghar;2015;2015-16;2130;117.7;1980;27.3;12;54308.058;54200.058;0.058;23100;34;13.1;1.1;342;6;0.84;0.92;0.869;1.04;0.745;0.931;135;7.663877259;4.768139014;7.590852124;0.04;-1.468887147;30
293;Thane_Palghar;2016;2016-17;2470;124.6;2840;27.6;5;57924.065;57800.065;0.065;24600;35;13.8;1.08;340;6;0.85;0.91;0.873;1.06;0.738;0.922;143.3;7.81197343;4.825108606;7.951559331;0.34;0.359250257;30
294;Thane_Palghar;2017;2017-18;2430;119.9;2450;27.2;7;58720.063;58600.063;0.063;25800;38;14.6;1.22;338;6;0.88;0.89;0.878;1.06;0.735;0.92;148.9;7.795646536;4.786658062;7.803843304;-0.06;-0.469788798;30
295;Thane_Palghar;2018;2018-19;2590;121.5;2210;27.3;9;60818.066;60700.066;0.066;27200;41;15.4;1.19;332;6;0.91;0.87;0.882;1.05;0.739;0.928;155.2;7.859413155;4.799914263;7.700747795;0.04;-0.979966678;30
296;Thane_Palghar;2019;2019-20;2510;122.7;3450;27.5;4;62920.068;62800.068;0.068;28900;44;16.2;1.16;328;6;0.93;0.85;0.887;1.07;0.732;0.915;169.3;7.828038032;4.809742352;8.14612951;0.24;1.65595237;30
297;Thane_Palghar;2020;2020-21;2610;124.2;3120;26.9;6;65225.071;65100.071;0.071;30500;21;14.1;1.02;325;6;0.95;0.84;0.891;1.06;0.735;0.918;176.7;7.8671055;4.821893169;8.045588281;-0.36;0.954457784;30
298;Thane_Palghar;2021;2021-22;2700;124.7;2980;27.1;6;66622.069;66500.069;0.069;32400;28;16.8;0.98;324;6;0.97;0.82;0.896;1.06;0.738;0.916;184.6;7.901007052;4.825910853;7.999678579;-0.16;0.656854021;30
299;Thane_Palghar;2022;2022-23;2800;126.3;2890;27.2;5;69114.072;69000.072;0.072;34200;46;18.2;1.25;324;6;1.01;0.81;0.9;1.07;0.731;0.911;191.6;7.937374696;4.838660029;7.969011781;-0.06;0.465537316;30
300;Thane_Palghar;2023;2023-24;2880;127.1;2640;27.4;11;71416.074;71300.074;0.074;36100;49;19.4;1.21;325;6;1.04;0.79;0.905;1.05;0.742;0.925;179;7.965545573;4.844974178;7.878534196;0.14;-0.065897976;30
301;Wardha;2014;2014-15;2310;164.8;840;26.8;16;255;62400;0.148;31500;46;18.6;1.02;315;6;0.86;1.65;0.662;1.18;0.424;0.821;82.4;7.745002804;5.104732617;6.733401892;-0.26;-0.49231117;31
302;Wardha;2015;2015-16;1940;151.2;620;27.1;24;225;54100;0.124;29800;54;20.1;0.98;315;6;0.88;1.62;0.667;1.13;0.431;0.854;71.5;7.570443252;5.018603464;6.429719478;0.04;-1.723089094;31
303;Wardha;2016;2016-17;2840;181.4;1040;27.6;11;295;68900;0.169;34900;49;21.1;0.94;314;6;0.9;1.6;0.672;1.22;0.418;0.798;91.2;7.951559331;5.200704538;6.946975992;0.54;0.626577853;31
304;Wardha;2017;2017-18;2710;165.3;910;26.9;14;280;65400;0.161;36800;53;22.2;1.15;312;6;0.94;1.57;0.678;1.21;0.412;0.804;95.4;7.904703914;5.107762005;6.8134446;-0.16;-0.100700012;31
305;Wardha;2018;2018-19;3020;175.4;760;27.2;17;296;68200;0.172;39400;58;23.5;1.11;310;6;0.97;1.54;0.683;1.16;0.428;0.838;97.2;8.01301211;5.16706908;6.633318433;0.14;-0.939866779;31
306;Wardha;2019;2019-20;2810;177.6;1210;27.3;8;305;69400;0.179;41900;63;24.8;1.07;309;6;1;1.51;0.689;1.25;0.405;0.772;108.5;7.940939762;5.179533831;7.098375639;0.24;1.577633522;31
307;Wardha;2020;2020-21;3060;181.4;1110;26.6;9;324;73800;0.191;44600;24;21.3;0.91;307;6;1.03;1.49;0.694;1.23;0.408;0.786;113.2;8.026170195;5.200704538;7.012115294;-0.46;1.01818901;31
308;Wardha;2021;2021-22;3180;179.2;1030;26.9;12;312;71100;0.184;47900;33;25.8;0.86;307;6;1.06;1.46;0.7;1.22;0.412;0.794;119.2;8.064636476;5.188502501;6.937314081;-0.16;0.570633401;31
309;Wardha;2022;2022-23;3340;184.5;970;27;10;290;74800;0.198;50800;66;28.2;1.19;308;6;1.11;1.44;0.705;1.26;0.401;0.764;130.4;8.113726086;5.217649463;6.877296071;-0.06;0.234966695;31
310;Wardha;2023;2023-24;3440;181.6;790;27.2;21;298;76000;0.194;53700;73;30.1;1.14;309;6;1.15;1.42;0.711;1.17;0.422;0.828;111.2;8.14322675;5.201806466;6.672032945;0.14;-0.772033425;31
311;Washim;2014;2014-15;2110;178.5;710;26.6;20;265;68100;0.112;29800;44;17.5;0.91;245;6;0.62;2.05;0.562;1.24;0.432;0.806;70.4;7.654443226;5.184588601;6.56526497;-0.26;-0.48186737;32
312;Washim;2015;2015-16;1690;159.2;520;26.9;29;220;58400;0.091;28200;55;19.2;0.87;245;6;0.63;2.02;0.568;1.18;0.44;0.842;58.5;7.432483808;5.070161273;6.253828812;0.04;-1.67089075;32
313;Washim;2016;2016-17;2640;198.1;890;27.4;14;315;76200;0.131;33200;47;19.8;0.84;244;6;0.65;2;0.573;1.28;0.425;0.782;79.2;7.878534196;5.288771954;6.791221463;0.54;0.644575832;32
314;Washim;2017;2017-18;2510;176.4;780;26.7;17;305;72400;0.124;35100;51;20.9;1.05;242;6;0.68;1.96;0.579;1.26;0.418;0.788;82.4;7.828038032;5.172754144;6.65929392;-0.16;-0.043806125;32
315;Washim;2018;2018-19;2820;192.6;620;27;21;326;75900;0.132;37400;56;22.1;1.01;241;6;0.71;1.93;0.585;1.21;0.436;0.825;84;7.944492164;5.260615499;6.429719478;0.14;-1.045088971;32
316;Washim;2019;2019-20;2620;195.8;1040;27.1;10;336;77100;0.138;39600;61;23.3;0.97;240;6;0.73;1.9;0.591;1.32;0.411;0.754;93.8;7.870929597;5.27709373;6.946975992;0.24;1.583278501;32
317;Washim;2020;2020-21;2880;201.2;940;26.4;11;358;82400;0.149;42100;23;20;0.83;238;6;0.75;1.87;0.596;1.3;0.415;0.768;98.1;7.965545573;5.304299438;6.845879875;-0.46;0.957476722;32
318;Washim;2021;2021-22;2980;198.4;880;26.7;15;344;79200;0.142;45200;32;24.2;0.78;238;6;0.77;1.84;0.602;1.29;0.419;0.775;103.4;7.999678579;5.290285195;6.779921907;-0.16;0.581995654;32
319;Washim;2022;2022-23;3130;205.1;830;26.8;13;320;83500;0.154;47900;64;26.5;1.09;239;6;0.8;1.82;0.608;1.33;0.408;0.745;113.2;8.048788284;5.323497665;6.721425701;-0.06;0.269094765;32
320;Washim;2023;2023-24;3220;201.6;660;27;25;329;84800;0.15;50700;71;28.3;1.04;240;6;0.83;1.79;0.613;1.23;0.43;0.812;95.4;8.077136639;5.306285536;6.492239835;0.14;-0.794768259;32
321;Yavatmal;2014;2014-15;5110;390.2;790;27;18;680;148200;0.135;38400;58;26.2;0.75;465;12;0.79;2.12;0.538;1.15;0.495;0.868;76.2;8.538954683;5.966659428;6.672032945;-0.26;-0.479624985;33
322;Yavatmal;2015;2015-16;4120;345.1;580;27.3;27;590;126400;0.109;35900;76;29.4;0.71;464;12;0.81;2.09;0.544;1.1;0.504;0.902;63.8;8.323608442;5.84383423;6.363028104;0.04;-1.723097168;33
323;Yavatmal;2016;2016-17;6290;424.6;980;27.8;12;795;164100;0.158;43100;62;29.8;0.68;460;12;0.83;2.07;0.549;1.19;0.488;0.845;85.6;8.74671635;6.051147549;6.887552572;0.54;0.645421276;33
324;Yavatmal;2017;2017-18;6010;389.2;860;27.1;15;780;157200;0.149;45400;68;31.4;0.86;458;12;0.86;2.03;0.555;1.18;0.482;0.85;89.2;8.701180028;5.96409335;6.756932389;-0.16;-0.065134257;33
325;Yavatmal;2018;2018-19;6690;410.2;710;27.4;19;812;163500;0.162;48500;75;33.2;0.82;455;12;0.9;2;0.561;1.13;0.501;0.889;90.4;8.808369153;6.016644846;6.56526497;0.14;-0.953328674;33
326;Yavatmal;2019;2019-20;6210;415.2;1140;27.5;9;838;166200;0.169;51500;81;35;0.79;452;12;0.93;1.97;0.567;1.22;0.474;0.821;101.1;8.733916175;6.028760332;7.038783541;0.24;1.592828654;33
327;Yavatmal;2020;2020-21;6780;425.4;1040;26.8;10;892;176400;0.182;54900;31;30.1;0.66;450;12;0.96;1.94;0.572;1.2;0.478;0.834;105.4;8.821732381;6.053029903;6.946975992;-0.46;1.000699043;33
328;Yavatmal;2021;2021-22;7020;420.1;960;27.1;13;856;170100;0.174;59100;44;36.5;0.6;450;12;0.98;1.91;0.578;1.19;0.482;0.841;111.2;8.856518497;6.040492778;6.866933284;-0.16;0.526995354;33
329;Yavatmal;2022;2022-23;7380;431.6;910;27.2;11;798;179200;0.188;62800;85;39.9;0.9;451;12;1.02;1.89;0.584;1.23;0.471;0.812;121.8;8.906528918;6.067499233;6.8134446;-0.06;0.230930548;33
330;Yavatmal;2023;2023-24;7610;425.2;740;27.4;23;820;182100;0.183;66400;96;42.8;0.84;453;12;1.06;1.86;0.589;1.14;0.496;0.882;100.2;8.937218451;6.052559646;6.606650186;0.14;-0.775689791;33
